{
  "simulation_days": 365,
  "num_agents": 100,
  "final_dopamine_pool": 86000000000.0,
  "reputation_stats": {
    "average": 11.350953248150027,
    "min": 4.3127299640291055,
    "max": 18.904302333068134,
    "median": 11.312377711261997
  },
  "synapse_stats": {
    "total_allocated": 0.0005212612394718733,
    "average_per_agent": 5.212612394718733e-06,
    "min": 5.212612394718728e-06,
    "max": 5.212612394718728e-06,
    "agents_depleted": 100
  },
  "tier_distribution": {
    "NOVICE": 34,
    "APPRENTICE": 66,
    "JOURNEYMAN": 0,
    "EXPERT": 0,
    "MASTER": 0,
    "SOVEREIGN": 0
  },
  "task_statistics": {
    "total_completed": 5509,
    "total_failed": 2591,
    "success_rate": 0.6801234567901234
  }
}